{"bust_prob_8": NaN, "bust_prob_9": NaN, "bust_prob_10": NaN, "bust_prob_11": NaN, "bust_prob_12": 0.0002531752394615807, "bust_prob_13": 0.0007740137774452385, "bust_prob_14": 0.0013440860215053765, "bust_prob_15": 0.0027154917459805343, "bust_prob_16": 0.003711952487008166, "bust_prob_17": 0.14474672104555777, "bust_prob_18": 0.14038114234885038, "bust_prob_19": 0.13426189662375146, "bust_prob_20": 0.184925068119891, "bust_prob_21": 0.12137822187623303, "bust_prob_22": NaN, "bust_prob_23": NaN, "bust_prob_24": NaN, "bust_prob_25": NaN, "bust_prob_26": NaN}